Track name,Artist name,Album,Playlist name,Type,ISRC
"思念是一種病 (feat. 蔡健雅)","張震嶽","OK","NICE","Playlist","661608563"
"寂寞沙洲冷","周傳雄","星空下的傳說","NICE","Playlist",""
"落花情","七朵组合","七朵组合三周年合辑","NICE","Playlist","1467852033"
"忘記時間","胡歌","藍光 新歌 (精選輯)","NICE","Playlist","935142685"
"櫻花草","Sweety","花言喬語","NICE","Playlist","1528931821"
"十七歲","アンディ・ラウ","如果有一天","NICE","Playlist","892787154"
"畫中仙","金莎","星月神話","NICE","Playlist","944183688"
"十面埋伏","S.H.E","奇幻旅程","NICE","Playlist","456150305"
"最初的夢想(韓劇""大長今""中文片頭曲)","范瑋琪","Love Love Love 經典韓劇戀愛物語","NICE","Playlist","553798863"
"戀曲1990","羅大佑","愛人同志","NICE","Playlist","1318102048"
"總有一天等到你 (Live)","ジャッキー・チュン","張學友1987-1999經典演唱會全集: 95友學友演唱會","NICE","Playlist","411430949"
"触电","S.H.E","Forever 新歌 + 精选","NICE","Playlist","483679002"
"雨櫻花","F.I.R.","飛行部落","NICE","Playlist","205561218"
"日不落","Jolin Tsai","J世紀Jeneration大牌新曲+精選 2006-2009","NICE","Playlist","973928812"
"偏愛","張芸京","破天荒","NICE","Playlist","905212063"
"夢的光點","王心凌","Cyndi With U","NICE","Playlist","1504641298"
"妳不像她","南拳媽媽","優的良曲南搞小孩","NICE","Playlist","1441280448"
"相見恨晚","彭佳慧","敲敲我的頭","NICE","Playlist","331492934"
"遠走高飛","金志文","Hello 1 - EP","NICE","Playlist","1508647040"
"淋雨一直走","張韶涵","有形的翅膀","NICE","Playlist",""
"綠光","孫燕姿","Your Song (2006 新歌+精選)","NICE","Playlist","280912015"
"蝶恋花","牛奶咖啡","越长大越孤单","NICE","Playlist","1669318777"
"七月七日晴","許慧欣","萬中選一 '02~'05 新歌+精選, Vol. 2","NICE","Playlist","1442588082"
"風中有朵雨做的雲","孟庭葦","孟庭葦鑽石精選集","NICE","Playlist","1444018365"
"星月神話","金莎","星月神話","NICE","Playlist","944183679"
"奔跑","羽·泉","拾伍","NICE","Playlist","1033293655"
"Dong Tian De Mi Mi","周傳雄","Lovers' Genesis","NICE","Playlist","1676922681"
"再見","張震嶽","OK","NICE","Playlist","661608709"
"依戀","蔡淳佳","慶幸擁有蔡淳佳","NICE","Playlist","540275492"
"水手","鄭智化","私房歌","NICE","Playlist","1154530076"
"十七","S.H.E","十七 - Single","NICE","Playlist","1434588152"
"歐若拉","張韶涵","歐若拉","NICE","Playlist","535770131"
"安靜了","S.H.E","我的電臺FM S.H.E","NICE","Playlist","456152024"
"一生有你","水木年华","一生有你 - EP","NICE","Playlist","1614176896"
"如果這都不算愛","ジャッキー・チュン","黑與白","NICE","Playlist","1442385570"
"盧州月","许嵩","尋霧啟示","NICE","Playlist","1071376655"
"怒放的生命(LIVE)","wang feng","汪峰2011生无所求演唱会","NICE","Playlist","1353728396"
"牡丹江","南拳媽媽","2號餐","NICE","Playlist","1441081299"
"Guan Bu Shang De Chuang","周傳雄","Lovers' Genesis","NICE","Playlist","1676922646"
"此生不換","青鳥飛魚","一匹","NICE","Playlist","905188539"
"餓狼傳說","ジャッキー・チュン","三年兩語","NICE","Playlist","1443371131"
"你好毒","ジャッキー・チュン","走過1999","NICE","Playlist","1442587458"
"纸短情长","烟把儿乐队","纸短情长 - Single","NICE","Playlist","1549529466"
"第一天","孫燕姿","My Story (2006 新歌+精選)","NICE","Playlist","280798649"
"愛一點","ワン・リーホン & 章子怡","你的愛。","NICE","Playlist","955720865"
"不想长大","S.H.E","不想长大","NICE","Playlist","456164785"
"勇氣","梁靜茹","K歌王國-女人K歌","NICE","Playlist","615195479"
"隱形的翅膀","張韶涵","潘朵拉","NICE","Playlist","535741167"
"後來","劉若英","我等你","NICE","Playlist","162143617"
"因為你 所以我","五月天","因為你 所以我 - Single","NICE","Playlist","1546336919"
"剛好遇見你","李玉刚","剛好遇見你 - Single","NICE","Playlist","1512958152"
"穩穩的幸福","陳奕迅","穩穩的幸福 - Single","NICE","Playlist","1494882274"
"遊戲人間","鄭智化","遊戲人間","NICE","Playlist","1154529233"
"千年之戀","F.I.R.","無限","NICE","Playlist","255921197"
"月牙灣","F.I.R.","白羽毛之戀 華語典藏情歌, Vol. 3","NICE","Playlist","1445576834"
"卜卦","崔子格","老婆最大","NICE","Playlist","1637750765"
"大城小愛","ワン・リーホン","蓋世英雄","NICE","Playlist","1134353955"
"我的未來式","Amber Kuo","隱形超人","NICE","Playlist","324949937"
"雨蝶","李翊君","K歌必赢唱不停","NICE","Playlist","1591972519"
"愛就一個字","張信哲","我好想","NICE","Playlist","1167460613"
"天涯","任賢齊","為愛走天涯","NICE","Playlist","1484449906"
"突然的自我","伍佰 & China Blue","忘情1015精選輯","NICE","Playlist","840076048"
"傷心太平洋","任賢齊","滾石香港黃金十年 - 任賢齊精選","NICE","Playlist","1078561855"
"化身孤岛的鲸","周深","化身孤岛的鲸 - Single","NICE","Playlist","1545553367"
"刀劍如夢","周華健","周而復始","NICE","Playlist","163778677"
"無樂不作","ファン・イーチェン","無樂不作","NICE","Playlist","1528712465"
"你不知道的事","ワン・リーホン","十八般武藝","NICE","Playlist","1528146380"
"追夢人","鳳飛飛","鳳飛飛 歌唱生涯回憶錄 特別收錄1","NICE","Playlist","1520370546"
"遇見","孫燕姿","上一首情歌 (國語精選)","NICE","Playlist","1525883109"
"來自天堂的魔鬼","G.E.M.","來自天堂的魔鬼 - Single","NICE","Playlist","1053552399"
"鹿港小鎮","羅大佑","之乎者也","NICE","Playlist","1318098159"
"魔鬼中的天使","田馥甄","My Love","NICE","Playlist","462724475"
"你的微笑","F.I.R.","飛兒樂團","NICE","Playlist","255921732"
"曾經的你","许巍","每一刻都是嶄新的","NICE","Playlist","905191174"
"獨角戲","許茹芸","如果雲知道","NICE","Playlist","688780117"
"我在那一角落患过伤风","马健涛","老歌精选","NICE","Playlist","1668541948"
"心太軟","任賢齊","心太軟","NICE","Playlist","160857031"
"笑紅塵","陳淑樺","滾石香港黃金十年-陳淑樺精選","NICE","Playlist","1046470341"
"說書人","暗杠","寥寥","NICE","Playlist","1478875402"
"愛的進行式","陳淑樺","李宗盛超重量級大全集","NICE","Playlist","1091869310"
"野孩子","楊千嬅","Miriam","NICE","Playlist","1443859138"
"三尺","许嵩","呼吸之野","NICE","Playlist","1567365076"
"睫毛彎彎","王心凌","Cyndi With U","NICE","Playlist","1504641096"
"半壶纱","劉珂矣","半壶纱","NICE","Playlist","1502064373"
"修煉愛情","JJ LIN","因你 而在","NICE","Playlist","1098176348"
"奉陪","于文文","尚未界定","NICE","Playlist","1440580570"
"再見只是陌生人","庄心妍","再見只是陌生人","NICE","Playlist","1529091274"
"夜空中最亮的星","逃跑计划","世界","NICE","Playlist","1542187391"
"如果的事 (feat. 張韶涵)","范瑋琪","一比一","NICE","Playlist","535747439"
"那些年","胡夏","燃點","NICE","Playlist","501505387"
"愛永遠存在","アンディ・ラウ","愛永遠存在 - Single","NICE","Playlist","1113973806"
"不讓我的眼淚陪我過夜","李翊君","翊往情深","NICE","Playlist","1442506466"
"淘汰","陳奕迅","認了吧 (台灣版)","NICE","Playlist","1443352455"
"氣球","許哲珮","氣球","NICE","Playlist","1391587656"
"卷珠帘","霍尊","天韵·霍尊","NICE","Playlist",""
"喜歡你","G.E.M.","喜歡你 - Single","NICE","Playlist","908972123"
"挪威的森林","ウー・バイ","愛你伍佰年: 2","NICE","Playlist","379810432"
"起风了","周深","起风了 - Single","NICE","Playlist","1605709410"
"畏光","范瑋琪","畏光 - Single","NICE","Playlist","1613457317"
"末班車","周傳雄","Transfer","NICE","Playlist","290187221"
"你若三冬","阿悠悠","你若三冬 - Single","NICE","Playlist","1528665605"
"灰色頭像","许嵩","尋霧啟示","NICE","Playlist","1071376652"
"將軍令 (電影""黃飛鴻""主題曲)","五月天","原聲帶精選-超級劇無霸","NICE","Playlist","1103633569"
"幸福的地圖","蕭亞軒","第五大道","NICE","Playlist","908227792"
"我要飛","F.I.R.","我要飛-尋夢之途全紀錄 - EP","NICE","Playlist","280784708"
"霍元甲","Jay Chou","霍元甲 - Single","NICE","Playlist","539457228"
"王國","范瑋琪","恰如其分的自己","NICE","Playlist","1614768834"
"心電心","王心凌","心電心","NICE","Playlist",""
"时光洪流","程响","时光洪流 - Single","NICE","Playlist","1581045026"
"愛情轉移","陳奕迅","認了吧 (台灣版)","NICE","Playlist","1443352465"
"相思無解","熊天平","愛情多惱河","NICE","Playlist","1442491073"
"袖手旁觀","江美琪","第二眼美女","NICE","Playlist","908316908"
"星光","小时姑娘","《星光》(网剧《真相》插曲) - Single","NICE","Playlist","1592068976"
"不要問我分手後怎麼過","周傳雄","心出發","NICE","Playlist",""
"白月光","張信哲","絕對收藏","NICE","Playlist","1190070293"
"我願意","フェイ・ウォン","國語真經典: 王菲","NICE","Playlist","1443889284"
"省略","唐伯虎","省略 - Single","NICE","Playlist","1559193259"
"真相是假","阿嗚","真相是假 - Single","NICE","Playlist","1533640987"
"天下有情人","周華健 & 齊豫","周華健 & Friends","NICE","Playlist","599471615"
"漁家傲·秋思","奇然 & 沈谧仁","漁家傲·秋思 - Single","NICE","Playlist","1617231914"
"入陣曲","五月天","蘭陵王 (電視原聲帶)","NICE","Playlist","1106367329"
"爱到花开","戊道子","华语流行金曲","NICE","Playlist","1653069852"
"念旧","阿悠悠","念旧 - EP","NICE","Playlist","1528665815"
"冬季到台北來看雨","孟庭葦","冬季到台北來看雨","NICE","Playlist","1442620574"
"沒離開過","林志炫","擦聲而過Ⅱ","NICE","Playlist","1461438376"
"愛要怎麼說出口","趙傳","一顆滾石的25年","NICE","Playlist","887436239"
"問","陳淑樺","聲音的饗宴系列-黃金五年","NICE","Playlist","1331865416"
"心要讓你聽見","邰正宵","一千零一夜","NICE","Playlist","554599556"
"冷酷到底","羽·泉","冷酷到底","NICE","Playlist","669000634"
"一個男人的眼淚","任賢齊","為了愛而心太軟","NICE","Playlist","1070739294"
"一個人的天荒地老","張宇","溫古知新","NICE","Playlist","905220945"
"其實不想走","周華健","風雨無阻","NICE","Playlist","151199139"
"墮落天使","鄭智化","鄭智化精選集","NICE","Playlist","1532233567"
"穿過你的黑髮的我的手","羅大佑","家","NICE","Playlist","1318099407"
"痛哭的人","ウー・バイ","愛你伍佰年: 3","NICE","Playlist","379805015"
"蝸牛的家","鄭智化","星星點燈","NICE","Playlist","1154530596"
"原來的樣子","鄭智化","遊戲人間","NICE","Playlist","1154529243"
"朋友","周華健","朋友","NICE","Playlist","161282089"
"南台灣","鄭智化","星星點燈","NICE","Playlist","1154530600"
"告別我的戀人們","古巨基","告別我的戀人們","NICE","Playlist","556066205"
"祗想一生跟你走","ジャッキー・チュン","傳奇 - 我與你","NICE","Playlist","1443311445"
"被動","ウー・バイ","愛你伍佰年: 3","NICE","Playlist","379805016"
"五月天","S.H.E","Play","NICE","Playlist","456173962"
"愛","カレン・モク","I","NICE","Playlist","312652421"
"好心分手 (feat. 王力宏)","盧巧音","戀愛筆記","NICE","Playlist","1142260535"
"短髮","梁詠琪","順時針 (新歌 + 精選)","NICE","Playlist","973934712"
"大眠","王心凌","CYNDILOVES2SING 愛。心凌","NICE","Playlist","1444378288"
"天灰","S.H.E","不想长大","NICE","Playlist","456164789"
"前所未見","KELLY CHEN","Kelly Stylish Index (2nd Edition)","NICE","Playlist","1443387263"
"人间烟火","程响","人间烟火 - EP","NICE","Playlist","1615456070"
"世界这么大还是遇见你","程响","世界这么大还是遇见你 - Single","NICE","Playlist","1561740547"
"孤陋寡闻","程响","孤陋寡闻 - Single","NICE","Playlist","1589740598"
"一花一世界","程响","一花一世界 - Single","NICE","Playlist","1601570848"
"千里共婵娟","程响","千里共婵娟 - Single","NICE","Playlist","1585911866"
"有何不可","许嵩","自定義","NICE","Playlist","1071359781"
"圍城","程响","圍城 - Single","NICE","Playlist","1601570911"
"Hurt Inside","程响","Hurt Inside - Single","NICE","Playlist","1601570913"
"黃昏","周傳雄","Transfer","NICE","Playlist","290187219"
"草莓时光","水木年华","草莓时光 - Single","NICE","Playlist","1614198566"
"Water male","G2er","Water male - Single","NICE","Playlist","1618728968"
"When the Spring Breeze Blows","阿梨粤","When the Spring Breeze Blows - Single","NICE","Playlist","1619297014"
"大海","チャン・ユーシャン","大海","NICE","Playlist","202968168"
"寧夏","梁靜茹","燕尾蝶<下定愛的決心>","NICE","Playlist","558471479"
"給我一個理由忘記","A-Lin","寂寞不痛","NICE","Playlist","802843181"
"走在紅毯那一天","彭佳慧","婚禮歌手 - 緣定一生情歌精選","NICE","Playlist","854807282"
"如一","不是花火呀 & 小田音乐社","如一 - Single","NICE","Playlist","1633377393"
"赤伶","等什么君","赤伶 - Single","NICE","Playlist","1667021602"
"云与海","阿YueYue","云与海 - Single","NICE","Playlist","1667022059"
"一千零一夜","邰正宵","一千零一夜","NICE","Playlist","554599557"
"半點心","グラスホッパー","失戀陣線聯盟","NICE","Playlist","1442707295"
"囚鳥","張宇","溫古知新","NICE","Playlist","905220956"
"回心轉意","張宇","溫古知新","NICE","Playlist","905220946"
"冰雨","伍佰 & China Blue","純真年代","NICE","Playlist","808140930"
"愛你一萬年","ウー・バイ & 陳昇","VOICELAND 尋找台灣新樂園","NICE","Playlist","1611115667"
"多遠都要在一起","G.E.M.","新的心跳","NICE","Playlist","1053567928"
"過火","張信哲","寬容","NICE","Playlist","1167470913"
"單身情歌","林志炫","絕對收藏林志炫","NICE","Playlist","328327312"
"沒那麼簡單","黃小琥","簡單不簡單","NICE","Playlist","540287928"
"信仰","張信哲","信仰","NICE","Playlist","1167463374"
"萍聚","李翊君","七情六慾 Best II 絕對精采13首","NICE","Playlist","1442653480"
"偏偏喜歡你","ダニー チャン","離不開 精選80-93","NICE","Playlist","201936470"
"雨愛","楊丞琳","雨愛","NICE","Playlist","347295290"
"年輪說","楊丞琳","年輪說","NICE","Playlist","1443067089"
"啤酒泡泡","周傳雄","Transfer","NICE","Playlist","290187218"
"夏天的风","蔡恩雨","夏天的风 - Single","NICE","Playlist","1537098808"
"我的秘密","G.E.M.","The Best of G.E.M. 2008 - 2012","NICE","Playlist","1449492875"
"為你我受冷風吹","張信哲","歌 時代","NICE","Playlist","1457544889"
"味道","辛暁琪","味道","NICE","Playlist","159911551"
"祝福","ジャッキー・チュン","祝褔","NICE","Playlist","1444014600"
"太傻","巫啟賢","太儍","NICE","Playlist","917197586"
"一了百了","信樂團","挑信","NICE","Playlist","829586724"
"髮如雪","Jay Chou","十一月的蕭邦","NICE","Playlist","538749494"
"Back Home","周傳雄","發覺","NICE","Playlist","718093640"
"雨一直下","張宇","雨一直下","NICE","Playlist","905222155"
"哈薩雅琪","周傳雄","花花世界","NICE","Playlist","718083954"
"吉普賽情人","周傳雄","花花世界","NICE","Playlist","718083965"
"陪著我一直到世界的盡頭","周傳雄","陪著我一直到世界的盡頭","NICE","Playlist","718087132"
"風之逐","周傳雄","陪著我一直到世界的盡頭","NICE","Playlist","718087136"
"愛你","王心凌","愛你","NICE","Playlist","1504646115"
"年輪","张碧晨","年輪 - Single","NICE","Playlist","1019445425"
"忘尘谷","劉珂矣","半壶纱","NICE","Playlist","1502064367"
"東風破","Jay Chou","葉惠美","NICE","Playlist","311325799"
"自由行走的花","薩頂頂","天地合","NICE","Playlist","1442975176"
"如若歸來 (電視劇《長歌行》深情主題曲)","薩頂頂","如若歸來 (電視劇《長歌行》深情主題曲) - Single","NICE","Playlist","1562117851"
"Does Not Bother","孫燕姿","The Moment","NICE","Playlist","541857031"
"你是我的眼","蕭煌奇","你是我的眼","NICE","Playlist","1300510595"
"難以抗拒你容顏","張信哲","永恆金曲 (典藏精選)","NICE","Playlist","893294216"
"男人.海洋","周傳雄","男人.海洋","NICE","Playlist",""
"陌生城市的早晨","声音碎片","把光芒洒向更开阔的地方","NICE","Playlist","1437766442"
"笨小孩","アンディ・ラウ, 吳宗憲 & 柯受良","The Melody Andy, Vol. 8","NICE","Playlist","892862376"
"浮誇","陳奕迅","正東10X10我至愛唱片 - U87","NICE","Playlist","1443369192"
"海闊天空","ビヨンド","Rock'n'Roll","NICE","Playlist","201575679"
"光輝歲月","ビヨンド","Beyond - 25th Anniversary","NICE","Playlist","1464504134"
"真的愛妳","ビヨンド","Beyond - 25th Anniversary","NICE","Playlist","1464504126"
"牽掛","伍佰 & China Blue","浪人情歌","NICE","Playlist","151377160"
"為了愛夢一生","ワン・チエー","為了愛 夢一生","NICE","Playlist","367960411"
"山丘","ジョナサン・リー","山丘 - Single","NICE","Playlist","1087283788"
"愛情的盡頭","伍佰 & China Blue","愛情的盡頭","NICE","Playlist","156141646"
"縱貫線兄弟姊妹","Superband","北[上]列車 - EP","NICE","Playlist","543101184"
"練習","アンディ・ラウ","美麗的一天","NICE","Playlist","892693351"
"釘子花","伍佰 & China Blue","釘子花","NICE","Playlist","1443156445"
"吻別","ジャッキー・チュン","吻別","NICE","Playlist","1443431915"
"飄雪","陳慧嫻","歸來吧","NICE","Playlist","1444202072"
"怎可以沒有感情","ヴィヴィアン・チョウ","復黑王: Endless Dream","NICE","Playlist","1443349453"
"MY LOVE","アンディ・ラウ","MY LOVE - Single","NICE","Playlist","1439997632"
"阿Lam日記","ジョージ·ラム","24K Mast﻿ersonic Compilation: 林子祥 II","NICE","Playlist","201537061"
"少女的祈禱","楊千嬅","Play It Loud Kiss Me Soft","NICE","Playlist","892604185"
"長城","ビヨンド","繼續革命","NICE","Playlist","201570865"
"暴風女神Lorelei","アラン・タム","暴風女神Lorelei","NICE","Playlist","1443351138"
"香港一定得","黃貫中","黃貫中","NICE","Playlist","1443351988"
"情人","ビヨンド","我愛經典系列: Beyond","NICE","Playlist","539838966"
"千億個夜晚","ジョージ·ラム","華納廿三週年紀念精選系列: 林子祥","NICE","Playlist","201587463"
"分手總要在雨天","ジャッキー・チュン","真情流露","NICE","Playlist","1443840823"
"賣身契","許冠傑","賣身契","NICE","Playlist","1444037573"
"歲月如歌","陳奕迅","Live for Today","NICE","Playlist","542677437"
"對我好一點","任賢齊","對我好一點 - Single","NICE","Playlist","1628258360"
"梦想家","张赫宣","梦想家 - Single","NICE","Playlist","1628714937"
"如果我們不曾相遇 (Life Live)","五月天","五月天 人生無限公司 Life Live 好友加班篇","NICE","Playlist","1463565476"
"不愛最大","蕭煌奇","說故事的歌","NICE","Playlist","1624626377"
"牽繫 (《倩女幽魂 手遊》六周年紀念曲)","張信哲","牽繫 (《倩女幽魂 手遊》六周年紀念曲) - Single","NICE","Playlist","1628965119"
"眼中沙","小时姑娘 & 时不语工作室","眼中沙 - Single","NICE","Playlist","1621457293"
"独角戏","大籽","SML4U - Single","NICE","Playlist","1628758872"
"我需要你 (伴奏版)","糯米Nomi","我需要你 - Single","NICE","Playlist","1668544310"
"七里香","Jay Chou","七里香","NICE","Playlist","311326346"
"敢愛敢做","ジョージ·ラム","十三子祥","NICE","Playlist","68267410"
"热爱105°C的你","阿肆","热爱105°C的你 - Single","NICE","Playlist","1669324174"
"三十三塊","鄭智化","私房歌","NICE","Playlist","1154530430"
"離開地球表面","五月天","離開地球表面","NICE","Playlist","1081738610"
"快樂崇拜","潘瑋柏 & 張韶涵","Wu Ha","NICE","Playlist","1443399243"
"夢醒的我 (Remastered)","ワン・チエー & ジュリー・スー","是否我真的一無所有 (Remastered)","NICE","Playlist","1391090851"
"再出發","任賢齊","飛鳥","NICE","Playlist","376533535"
"天高地厚","信樂團","挑信","NICE","Playlist","829586702"
"友情歲月","陳小春","友情歲月","NICE","Playlist","723213098"
"刀光劍影","鄭伊健 & 風火海","Mastersonic 鄭伊健 13+","NICE","Playlist","501830204"
"飛蛾","羽·泉","沒你不行","NICE","Playlist","660152772"
"What Have U Done","G.E.M.","Xposed (Deluxe Version)","NICE","Playlist","544934804"
"女埠浣纱入画图","金琳","女埠浣纱入画图 - Single","NICE","Playlist","1630828816"
"平分秋色","宋雅萌","平分秋色 - Single","NICE","Playlist","1630899470"
"噢買尬","五月天","後 青春期的詩","NICE","Playlist","1081381270"
"DNA","五月天","DNA - Single","NICE","Playlist","1087686142"
"盛夏光年 (live in the sky)","五月天","五月天 突然好想見到你 live in the sky","NICE","Playlist","1522299249"
"定風波","アラン・タム","傾 ∙ 聽","NICE","Playlist","1631945523"
"Crush on You","文慧如","Reset","NICE","Playlist","1631104641"
"云山苍苍","金琳","云山苍苍 - Single","NICE","Playlist","1627756184"
"Ripples in Time","生命樹","The Glimmers","NICE","Playlist","1631126900"
"被動的觀眾","戴佩妮","被動的觀眾","NICE","Playlist","1632045586"
"错位轨迹","二小姐","错位轨迹 - Single","NICE","Playlist","1625682767"
"風衣","孫燕姿","No.13 作品 : 跳舞的梵谷","NICE","Playlist","1440901471"
"順流、逆流","徐小鳳","徐小鳳金曲精選","NICE","Playlist","1565901207"
"这世界那么多人 (电影《我要我们在一起》主题曲)","カレン・モク","这世界那么多人 - Single","NICE","Playlist","1674141591"
"黑暗騎士 (feat. 五月天)","JJ LIN","因你 而在","NICE","Playlist","1098176346"
"大國民","鄭智化","落淚的戲子","NICE","Playlist","1154529401"
"成都","赵雷","無法長大","NICE","Playlist","1593334110"
"九佰九拾九朵玫瑰","邰正宵","找一個字代替","NICE","Playlist","540288234"
"年輕時代","鄭智化","年輕時代","NICE","Playlist","1154529675"
"中產階級","鄭智化","私房歌","NICE","Playlist","1154530077"
"蝴蝶飛呀","小虎隊","愛","NICE","Playlist","1102356102"
"追夢赤子心","GALA","追夢痴子心","NICE","Playlist","1181339987"
"未婚爸爸","鄭智化","私房歌","NICE","Playlist","1154530428"
"浪花一朵朵","任賢齊","影視歌全集","NICE","Playlist","1073025436"
"明明白白我的心","陳淑樺 & ジャッキー・チェン","百年好合","NICE","Playlist","1071023320"
"慢冷","梁靜茹","我好嗎? - 太陽如常升起","NICE","Playlist","1462400556"
"可惜不是你","梁靜茹","絲路","NICE","Playlist","151338480"
"愛的初體驗","張震嶽","這個下午很無聊","NICE","Playlist","153051320"
"單戀一枝花","張宇","單戀","NICE","Playlist","1592488735"
"可惜沒如果","JJ LIN","新地球 (Special Edition)","NICE","Playlist","962123228"
"為你寫詩","吳克群","為你寫詩","NICE","Playlist","1493223758"
"口袋的天空","張韶涵","潘朵拉","NICE","Playlist","535741214"
"不痛","張韶涵","夢裡花","NICE","Playlist","535744279"
"我愛的人","陳小春","抱一抱","NICE","Playlist","339409107"
"寂寞,好了","蔡旻佑","寂寞,好了","NICE","Playlist","333017843"
"姊姊妹妹站起來","Tao Ching-Ying","我變了","NICE","Playlist","1528689438"
"我喜歡","周蕙","周蕙精選","NICE","Playlist","553182038"
"尋人啟事","徐佳瑩","尋人啟事","NICE","Playlist","877943536"
"飛起來","徐懷鈺","徐懷鈺 Yuki 第一張個人專輯","NICE","Playlist","153507247"
"最熟悉的陌生人","蕭亞軒","蕭亞軒","NICE","Playlist","905208312"
"可能","程响","可能 - Single","NICE","Playlist","1626779159"
"灰色軌跡 (電影《天若有情》歌曲)","ビヨンド","Beyond The Legend","NICE","Playlist","1442985249"
"匿名的好友","楊丞琳","雨愛 (繽紛慶功版)","NICE","Playlist","352569547"
"如果一切可以重来","暴林","放弃世界放不下你","NICE","Playlist","1463412861"
"知足","五月天","離開地球表面","NICE","Playlist","1081738613"
"神武女儿国","七朵组合","神武女儿国 - Single","NICE","Playlist","1480827114"
"沿海公路的出口","S.H.E","我的電臺FM S.H.E","NICE","Playlist","456152019"
"阿飛的小蝴蝶","Jam Hsiao","王妃","NICE","Playlist","359075408"
"一起吃苦的幸福","周華健","一起吃苦的幸福","NICE","Playlist","151332109"
"擁抱","五月天","我們是五月天","NICE","Playlist","1078528646"
"寬容","張信哲","寬容","NICE","Playlist","1167470909"
"向天再借五百年","韩磊","时代 - Single","NICE","Playlist","1589561287"
"雅俗共賞","许嵩","青年晚報","NICE","Playlist","1126284501"
"我的歌聲裡","曲婉婷","Everything in the World","NICE","Playlist","505240537"
"數字人生","ジョージ·ラム","最愛","NICE","Playlist","201526846"
"人間道","ジャッキー・チュン","真愛 新曲+真正精選","NICE","Playlist","1440912748"
"活著","任賢齊 & カレン・モク","為愛走天涯","NICE","Playlist","1484449902"
"回憶裡的瘋狂","光良","回憶裡的瘋狂","NICE","Playlist","672374336"
"流年","フェイ・ウォン","王菲2001","NICE","Playlist","966478579"
"慢慢喜欢你","カレン・モク","我们在中场相遇","NICE","Playlist","1674113756"
"獨家記憶","陳小春","國語情歌集","NICE","Playlist","1442420313"
"給你們","張宇","雨一直下","NICE","Playlist","905222158"
"用心良苦","張宇","白羽毛之戀","NICE","Playlist","1063261339"
"小小的太陽 (Remastered)","張宇","好男人的情歌 (Remastered)","NICE","Playlist","1178061309"
"走樣","張宇","雨一直下","NICE","Playlist","905222156"
"沒關係","張宇","雨一直下","NICE","Playlist","905222160"
"笑忘書","フェイ・ウォン","寓言","NICE","Playlist","966489237"
"你究竟有幾個好妹妹","孟庭葦","孟庭葦鑽石精選集","NICE","Playlist","1444017602"
"出賣","周傳雄","Transfer","NICE","Playlist","290187213"
"明天你是否依然愛我","童 安格","其實你不懂我的心","NICE","Playlist","1443820427"
"遺失的美好","張韶涵","Over the Rainbow","NICE","Playlist","536111075"
"星晴","Jay Chou","杰倫","NICE","Playlist","1125331135"
"深度對話","于文文","尚未界定","NICE","Playlist","1440580558"
"亡命之徒","Superband","北[上]列車 - EP","NICE","Playlist","543101188"
"公路","Superband","北[上]列車 - EP","NICE","Playlist","543101185"
"世间美好与你环环相扣","夏艺韩","世间美好与你环环相扣 - Single","NICE","Playlist","1488110566"
"愛你的宿命","張信哲","還愛","NICE","Playlist","1152876853"
"新不了情","萬芳","斷線","NICE","Playlist","159356707"
"月桂女神","S.H.E","不想长大","NICE","Playlist","456164794"
"一輩子的孤單","劉若英","Love and the City","NICE","Playlist","151798469"
"大海","楊培安","楊培安, Vol. 3","NICE","Playlist","1078190384"
"倔強","五月天","神的孩子都在跳舞","NICE","Playlist","183919743"
"認輸","張震嶽","等我有一天","NICE","Playlist","153219625"
"是緣","楊宗緯","電視劇《宸汐緣》電視原聲專輯","NICE","Playlist","1498890209"
"記事本","周傳雄","Transfer","NICE","Playlist","290187217"
"打起精神來","王心凌","Cyndi With U","NICE","Playlist","1504641100"
"為愛痴狂","劉若英","很愛很愛你","NICE","Playlist","1480803350"
"對摺","任賢齊","不信邪","NICE","Playlist","892576430"
"我們的愛","F.I.R.","飛兒樂團","NICE","Playlist","255921352"
"愛如潮水","張信哲","永恆金曲 (典藏精選)","NICE","Playlist","893291710"
"愛的魔法","金莎","他不愛我 - EP","NICE","Playlist","1504159464"
"愛在上 (with 盛一倫)","崔子格","愛在上 (超級劇集《將軍在上》主題曲) [with 盛一倫] - Single","NICE","Playlist","1299621721"
"一個人想著一個人","曾沛慈","終極一班2 (電視原聲帶)","NICE","Playlist","597217626"
"仰望","楊丞琳","仰望 楊丞琳 慶功典藏版","NICE","Playlist","464023332"
"青空未來","五月天 阿信","青空未來 - Single","NICE","Playlist","1578665619"
"讓愛重生","F.I.R.","亞特蘭提斯","NICE","Playlist","540283059"
"乾杯","五月天","第二人生 (明日版)","NICE","Playlist","1081309216"
"OAOA (現在就是永遠)","五月天","第二人生 (明日版)","NICE","Playlist","1081309222"
"相反的我","張芸京","相反的我","NICE","Playlist","905219117"
"誰明浪子心","ワン・チエー","誰明浪子心 (粵)","NICE","Playlist","203805637"
"如煙","五月天","後 青春期的詩","NICE","Playlist","1081381275"
"我又初戀了","五月天","為愛而生","NICE","Playlist","1081397798"
"順其自然","黃小琥","如果能... 重來","NICE","Playlist","540284262"
"飛得更高","wang feng","笑著哭","NICE","Playlist","345721173"
"潑墨","周華健","江湖","NICE","Playlist","730214203"
"給所有知道我名字的人","趙傳","一顆滾石的25年","NICE","Playlist","887436237"
"死了都要愛","信樂團","挑信","NICE","Playlist","829586710"
"That's It","動力火車","Goodbye My Love","NICE","Playlist","470223608"
"愛江山更愛美人","李麗芬","愛不釋手","NICE","Playlist","176202019"
"隱形的紀念","五月天 阿信","隱形的紀念 - Single","NICE","Playlist","1461655011"
"刺鳥","F.I.R.","無限","NICE","Playlist","255921948"
"少年維特的煩惱","楊丞琳","想幸福的人","NICE","Playlist","549197354"
"三個傻瓜 ","五月天","第二人生 (明日版)","NICE","Playlist","1081309214"
"不難","徐佳瑩","理想人生","NICE","Playlist","672968136"
"小情歌","蘇打綠","小宇宙","NICE","Playlist","1461046348"
"跳舞的梵谷","孫燕姿","No.13 作品 : 跳舞的梵谷","NICE","Playlist","1440901476"
"你不是真正的快樂","五月天","後 青春期的詩","NICE","Playlist","1081381268"
"凡人歌","ジョナサン・リー","作品李宗盛 1","NICE","Playlist","376635237"
"你走你的路","ジョナサン・リー & 陳淑樺","情感萬花筒","NICE","Playlist","1080244101"
"真心英雄","ジャッキー・チェン, 周華健, ジョナサン・リー & 黃耀明","簡單情歌Ⅱ: 男人真幸福","NICE","Playlist","376538320"
"Walking On Chung Hsiao East Road 9 Times","動力火車","Walking along Jhonghsiao East Street Nine Times","NICE","Playlist","470227496"
"藍蓮花","许巍","時光·漫步","NICE","Playlist","905191009"
"愛是怎麼一回事","Sweety","嗨 Sweety","NICE","Playlist","1445973735"
"無處安放","wang feng","河流","NICE","Playlist","1079313454"
"離歌","信樂團","挑信","NICE","Playlist","829586704"
"海闊天空","信樂團","海闊天空","NICE","Playlist","820292356"
"假如","信樂團","挑信","NICE","Playlist","829586718"
"One Night In 北京","信樂團","信樂團","NICE","Playlist","820255347"
"霧之戀","アラン・タム","霧之戀","NICE","Playlist","1442951352"
"激光中","羅文","舞台上","NICE","Playlist","1442573139"
"愛情走過夏日街","陳淑樺","跟你說聽你說","NICE","Playlist","151346328"
"忘記","周傳雄","Transfer","NICE","Playlist","290187212"
"夢醒時分","陳淑樺","跟你說聽你說","NICE","Playlist","151346000"
"一百万个可能","季彦霖","一百万个可能 - Single","NICE","Playlist","1442182818"
"我們都傻","楊丞琳","仰望 楊丞琳 慶功典藏版","NICE","Playlist","464023410"
"花好月圓夜","楊千嬅","Gold Typhoon Best Sellers Series: Miriam Yeung","NICE","Playlist","964161343"
"萬水千山縱橫(無電視劇""天龍八部""主題曲)","關正傑","環球曲詞選-顧嘉煇+黃霑","NICE","Playlist","1442432818"
"最近","李聖傑","關於妳的歌","NICE","Playlist","178889250"
"沒那種命","陳小春","大明星","NICE","Playlist","497126099"
"月光寶盒","何韻詩","What Really Matters","NICE","Playlist","892720423"
"來生緣","アンディ・ラウ","來生緣","NICE","Playlist","1442434599"
"不為誰而作的歌","JJ LIN","和自己對話 (實驗專輯)","NICE","Playlist","1062156032"
"不得不愛","潘瑋柏 & 弦子","高手","NICE","Playlist","1442233392"
"背叛情歌","動力火車","20 新歌duet精選","NICE","Playlist","1189099034"
"已讀不回","周華健","已讀不回 - Single","NICE","Playlist","980535798"
"千金難買","張宇","整個八月","NICE","Playlist","905219574"
"我是真的愛你","張信哲","永恆金曲 (典藏精選)","NICE","Playlist","893294209"
"小雪","任賢齊","滾石香港黃金十年 - 任賢齊精選","NICE","Playlist","1078561862"
"花心","周華健","滾石香港黃金十年-周華健精選","NICE","Playlist","588961018"
"因為愛所以愛","Nicholas Tse","了解 (國)","NICE","Playlist","544751543"
"半斤八兩","許冠傑","半斤八兩","NICE","Playlist","1443345874"
"夕陽醉了","ジャッキー・チュン","復黑王: 祗願一生愛一人","NICE","Playlist","1443328211"
"夢裡花","張韶涵","夢裡花","NICE","Playlist","535744278"
"重來","タニア・チュア","Cherished 割愛 - Single","NICE","Playlist","1445015174"
"爸爸媽媽","李荣浩","有理想","NICE","Playlist","1072339993"
"講不出再見","アラン・タム","傳奇: 夢幻的笑容","NICE","Playlist","1443316297"
"尋找童年","周傳雄","花花世界","NICE","Playlist","718083956"
"弱水三千","周傳雄","藍色土耳其","NICE","Playlist",""
"青花","周傳雄","藍色土耳其","NICE","Playlist",""
"藍色土耳其","周傳雄","藍色土耳其","NICE","Playlist",""
"離人","林志炫","擦聲而過","NICE","Playlist","1461438707"
"克卜勒","孫燕姿","克卜勒","NICE","Playlist","1443147414"
"春泥","庾澄慶","天堂","NICE","Playlist","339383985"
"少年与海","G.E.M.","启示录","NICE","Playlist","1641502285"
"离心力","G.E.M.","启示录","NICE","Playlist","1641502304"
"天空没有极限","G.E.M.","启示录","NICE","Playlist","1641502434"
"老人与海","G.E.M.","启示录","NICE","Playlist","1641502299"
"看得最遠的地方","張韶涵","第5季","NICE","Playlist","535400877"
"成名在望 (Life Live)","五月天","五月天 人生無限公司 Life Live 完整收錄篇","NICE","Playlist","1464877316"
"人間","フェイ・ウォン","王菲97","NICE","Playlist","965768365"
"一顆蘋果 (live in the sky)","五月天","五月天 突然好想見到你 live in the sky","NICE","Playlist","1522299248"
"人生海海 (Life Live)","五月天","五月天 人生無限公司 Life Live 完整收錄篇","NICE","Playlist","1464877326"
"手心的薔薇","JJ LIN & G.E.M.","新地球 (Special Edition)","NICE","Playlist","962123226"
"不老夢","银临","蚍蜉渡海","NICE","Playlist","1340849227"
"悔やまぬ心で","フェイ・ウォン","胡思亂想 (Remastered 2019)","NICE","Playlist","1488066987"
"你是我最深愛的人","永邦","永邦 同名專輯","NICE","Playlist","339383241"
"爱的旋律","牛奶咖啡","越长大越孤单","NICE","Playlist","1669319150"
"最美","羽·泉","最美","NICE","Playlist","670204672"
"情難忱 (Remastered)","林慧萍","精選林慧萍 (Remastered)","NICE","Playlist","1078563427"
"依靠","任賢齊","為了愛而心太軟","NICE","Playlist","1070739286"
"我很愉快","孫燕姿","No.13 作品 : 跳舞的梵谷","NICE","Playlist","1440901473"
"到不了","范瑋琪","范范的世界","NICE","Playlist","536512016"
"沒有你的夜","信樂團","挑信","NICE","Playlist","829586773"
"匆匆那年","フェイ・ウォン","匆匆那年 - Single","NICE","Playlist","966805806"
"香水","Nicholas Tse","世紀預言","NICE","Playlist","544587004"
"潛龍勿用","Nicholas Tse","黃‧鋒 (新曲+精選)","NICE","Playlist","543554238"
"我要我們在一起","范曉萱","我要我們在一起","NICE","Playlist","536510006"
"美夢成真","許茹芸","你是最愛","NICE","Playlist","1442717240"
"無地自容","黑豹乐队","黑豹","NICE","Playlist","177025427"
"大火","李佳薇","感謝愛人","NICE","Playlist","540280671"
"C大調","張韶涵","夢裡花","NICE","Playlist","535744280"
"第一頁","張韶涵","全面淪陷","NICE","Playlist","1135855230"
"下一個天亮","郭靜","下一個天亮","NICE","Playlist","535391944"
"我不難過","孫燕姿","未完成","NICE","Playlist","255921025"
"停電","金莎","空氣","NICE","Playlist","945252546"
"人質","a-mei","我要快樂?","NICE","Playlist","201549866"
"依依不捨","張信哲","永恆金曲 (典藏精選)","NICE","Playlist","893294246"
"化身孤島的鯨","不才","十三夜之月","NICE","Playlist","1304954533"
"月亮上的花园","牛奶咖啡","燃烧吧!小宇宙","NICE","Playlist","1437770496"
"想你想得好孤寂","邰正宵","千紙鶴","NICE","Playlist","540285124"
"快乐星猫","牛奶咖啡","越长大越孤单","NICE","Playlist","1669319251"
"青春紀念冊","Comic Boyz","青春紀念冊","NICE","Playlist","471329818"
"今天的祝福明天的孤獨","本多璐璐","美麗心情","NICE","Playlist","905220592"
"歲月神偷","金玟岐","完美世界","NICE","Playlist","1523448823"
"隔牆花","周笔畅","翻白眼 - EP","NICE","Playlist","1008006439"
"越长大越孤单","牛奶咖啡","越长大越孤单","NICE","Playlist","1669318293"
"半生缘(我们在这里相遇)","カレン・モク","我们在中场相遇","NICE","Playlist","1674113757"
"亞細亞的孤兒","羅大佑","未來的主人翁","NICE","Playlist","1318098570"
"找一個字代替","邰正宵","重燃愛戀","NICE","Playlist","555248991"
"BEAUTIFUL LOVE","タニア・チュア","T-TIME新歌精選","NICE","Playlist","280787183"
"如果你是我","范瑋琪","Faces of FanFan - 我們是朋友","NICE","Playlist","536489394"
"鏗鏘玫瑰","サンディ・ラム","鏗鏘玫瑰","NICE","Playlist","156411063"
"Bad Boy","a-mei","Bad Boy","NICE","Playlist","1528510298"
"123木頭人","黑澀會美眉","美眉私密的一天 (粉紅高壓電) - Single","NICE","Playlist","542151936"
"臭男人","Yida Huang","專屬密碼","NICE","Playlist","320616134"
"情人","Alex To","99情人","NICE","Playlist","1482750670"
"花又开好了","S.H.E","花又开好了","NICE","Playlist","582389810"
"心静自然凉","福禄寿","我用什么把你留住","NICE","Playlist","1669353540"
"為你而來","李健","拾光","NICE","Playlist","686323158"
"熱情的沙漠","庾澄慶","庾澄慶哈林夜總會","NICE","Playlist","567643642"
"冬天里的一把火","費翔","跨越四海的歌声","NICE","Playlist","1620511552"
"對你愛不完","Aaron Kwok","對你愛不完","NICE","Playlist","974021192"
"小女孩","張芸京","小女孩","NICE","Playlist","908294705"
"负重一万斤长大","太一","第一次做人","NICE","Playlist","1490544970"
"漠河舞厅","柳爽","1st.星球 - EP","NICE","Playlist","1598290913"
"愛人錯過","告五人","我肯定在幾百年前就說過愛你","NICE","Playlist","1546062805"
"十七歲少女金色心","脆莓","十七歲少女金色心 - Single","NICE","Playlist","1488448605"
"花田錯","ワン・リーホン","蓋世英雄","NICE","Playlist","1134353770"
"BlingBlingbling","后海大鲨鱼","心要野","NICE","Playlist","1669319297"
"東風","羅大佑","戀曲2000","NICE","Playlist","1318171323"
"只愛你一個人","任賢齊","台灣男兒任賢齊認真精選輯","NICE","Playlist","657311102"
"卸了妝的女人","鄭智化","鄭智化精選集","NICE","Playlist","1532233582"
"沒有情人的情人節","孟庭葦","冬季到台北來看雨","NICE","Playlist","1442620588"
"東山再起","南拳媽媽","拳新出擊","NICE","Playlist","1494067112"
"深呼吸","羽·泉","熱愛","NICE","Playlist","670209455"
"Don't Break My Heart","黑豹乐队","黑豹","NICE","Playlist","177029168"
"完美夏天","高旗&超載","生命是一次奇遇","NICE","Playlist","1455473547"
"新寫的舊歌","ジョナサン・リー","新寫的舊歌 - Single","NICE","Playlist","1382174172"
"河流","wang feng","河流","NICE","Playlist","1079313453"
"把悲傷留給自己","趙傳","我終於失去了妳","NICE","Playlist","551546834"
"體會","黑豹乐队","黑豹","NICE","Playlist","177027015"
"春天里(LIVE)","wang feng","汪峰2011生无所求演唱会","NICE","Playlist","1353728570"
"All from me","張韶涵","?","NICE","Playlist","1491463106"
"原諒不美好","郁可唯","溫水","NICE","Playlist","891212782"
"上海灘","葉麗儀","上海灘","NICE","Playlist","1442451443"
"究竟天有幾高","ジョージ·ラム","林子祥38年音樂習作","NICE","Playlist","1442996734"
"曖昧","フェイ・ウォン","Di Dar","NICE","Playlist","1443352514"
"重口味","陳奕迅","...3mm","NICE","Playlist","1445753254"
"這樣愛了","張婧","軒轅劍","NICE","Playlist","1070689412"
"樂園","張韶涵","Ang 5.0","NICE","Playlist","535402132"
"天使之翼","楊丞琳","天使之翼","NICE","Playlist","678751721"
"黑白配","范瑋琪","我們的紀念日","NICE","Playlist","535730768"
"Love & Love","Amber Kuo","愛異想","NICE","Playlist","332425509"
"心血來潮","周傳雄","Transfer","NICE","Playlist","290187220"
"讓我照顧你","五月天","神的孩子都在跳舞","NICE","Playlist","183920558"
"星火","F.I.R.","末日青春: 補完計劃","NICE","Playlist","1461452571"
"愛夏","胡夏","胡 愛夏","NICE","Playlist","408937787"
"第一次","光良","第1次個人創作專輯","NICE","Playlist","163296591"
"有沒有","By2","90'鬧Now","NICE","Playlist","1071342405"
"失戀煙","楊宗憲","失敗英雄(十年金選)","NICE","Playlist","1108327103"
"虎口脫險","老狼","晴朗","NICE","Playlist","369655357"
"你就不要想起我","田馥甄","渺小","NICE","Playlist","780523277"
"我可以","陳淑樺","跟你說聽你說","NICE","Playlist","151346361"
"光陰的故事","羅大佑","之乎者也","NICE","Playlist","1318098167"
"永遠不回頭","楊培安","永遠不回頭 - Single","NICE","Playlist","521040414"
"Hard To Put It Down","黃小琥","Hard To Put It Down","NICE","Playlist","639869395"
"一千個傷心的理由","ジャッキー・チュン","真愛 新曲+真正精選","NICE","Playlist","1440912487"
"單身狗","黄明志","鬼才做音樂","NICE","Playlist","1594323556"
"Wake Up (feat. 5forty2 & Ashtaka)","黄明志","亞洲通車","NICE","Playlist","1446369364"
"好想你 2.0 (feat. 朱主愛)","黄明志","亞洲通車","NICE","Playlist","1446369365"
"不仅仅是喜欢 (feat. 孙语赛)","萧全","萧傲江湖Ⅱ","NICE","Playlist","1458628512"
"正義之道","黃渤","正義之道 - Single","NICE","Playlist","1515237624"
"負二代 (feat. 屁孩)","黄明志","亞洲通車","NICE","Playlist","1446369368"
"好想你","朱主爱","四叶草 - Single","NICE","Playlist","1064343679"
"A.I.N.Y.","G.E.M.","18…","NICE","Playlist","538446723"
"藍天","Yida Huang","無法定義 黃義達","NICE","Playlist","331492712"
"Dang Ni Gu Dan Ni Hui Xiang Qi Shui","Nicholas Teo","Nicholas Greatest Hits Compilation","NICE","Playlist","545584237"
"天后","陳勢安","再愛一遍·天后","NICE","Playlist","535085181"
"那女孩對我說","Yida Huang","專屬密碼","NICE","Playlist","320616121"
"亞特蘭提斯","F.I.R.","亞特蘭提斯","NICE","Playlist","540282886"
"愛不需要裝乖 (feat. 王詩安)","謝和弦","不需要裝乖","NICE","Playlist","1001038650"
"你的嘴","金莎","星月神話","NICE","Playlist","944183680"
"小鮮肉變男子漢","黄明志","鬼才做音樂","NICE","Playlist","1594323549"
"马来西亚查某","朱主爱","四叶草 - Single","NICE","Playlist","1064343673"
"星星的約會","小虎隊","星星的約會","NICE","Playlist","1102359047"
"愛","小虎隊","愛","NICE","Playlist","1102356259"
"流戀 (電視劇 ""新白髮魔女傳"" 片尾曲)","吳奇隆 & 严艺丹","影視原聲合輯","NICE","Playlist","932689626"
"神奇的旋風","紅孩兒","初戀","NICE","Playlist","1099143074"
"愛的路上只有你和我","任賢齊","飛鳥","NICE","Playlist","376533540"
"別哭我最愛的人","鄭智化","單身逃亡","NICE","Playlist","1532233096"
"為你寫下這首情歌","五月天","為你寫下這首情歌 - Single","NICE","Playlist","1659802400"
"鬼島","黄明志","亞洲通話","NICE","Playlist","1507259670"
"走下去","黄明志","鬼才做音樂","NICE","Playlist","1594323555"
"China Reggaeton (feat. 黃秋生)","黄明志","China Reggaeton - Single","NICE","Playlist","1495407971"
"你是我的青春 (feat. JerryC)","黄明志","亞洲通才","NICE","Playlist","1579208575"
"小鎮姑娘","デビット・タオ","I'm O.K.","NICE","Playlist","905206477"
"哭砂","a-mei","妹力四射 (1998 張惠妹演唱會提前先聽版)","NICE","Playlist","1528513182"
"最重要的小事 (LIVE)","五月天","MAYDAY FLY TO 2023 五月天線上跨年演唱會 諾亞方舟十週年特別版 - Single","NICE","Playlist",""
"一首簡單的歌","ワン・リーホン","心中的日月","NICE","Playlist","1429430101"
"忘情水","アンディ・ラウ","忘情水","NICE","Playlist","892388446"
"壞掉的大人","陳勢安","壞掉的我們","NICE","Playlist","1424336780"
"一半人生 (韓寒電影《飛馳人生》主題曲)","五月天 阿信","一半人生 (韓寒電影《飛馳人生》主題曲) - Single","NICE","Playlist","1449442873"
"另一個天堂","ワン・リーホン","王力宏全新創作大碟 心.跳","NICE","Playlist","1448353755"
"當你","JJ LIN","她說","NICE","Playlist","1071506932"
"我心中尚未崩壞的地方","五月天","後 青春期的詩","NICE","Playlist","1081381272"
"我們","南拳媽媽","藏寶圖","NICE","Playlist","1441102469"
"我是真的愛上你","ワン・チエー","不孤單 (國語)","NICE","Playlist","543849961"
"大藝術家","Jolin Tsai","Muse","NICE","Playlist","558279152"
"立刻出發","王心凌","愛不愛","NICE","Playlist","1442707013"
"不一样的我","七朵组合","不一样的我 - Single","NICE","Playlist","1470071148"
"我很快樂","周興哲","小時候的我們","NICE","Playlist","1492970602"
"像他一樣 (feat. 蔡恩雨)","黄明志","像他一樣 (feat. 蔡恩雨) - Single","NICE","Playlist","1624826819"
"後來的我們 (電影《後來的我們》片名曲) [眼淚未乾版]","五月天","後來的我們 (電影《後來的我們》片名曲) [眼淚未乾版] - Single","NICE","Playlist","1372033840"
"我不願讓你一個人","五月天","第二人生 (明日版)","NICE","Playlist","1081309211"
"連名帶姓","a-mei","偷故事的人","NICE","Playlist","1442992509"
"不只是朋友","黃小琥","不只是朋友","NICE","Playlist","1532272444"
"紅玫瑰","陳奕迅","認了吧 (台灣版)","NICE","Playlist","1443352461"
"台北紅玫瑰","羅大佑","戀曲2000","NICE","Playlist","1318171329"
"一路向北","Jay Chou","十一月的蕭邦","NICE","Playlist","538749508"
"明天我要嫁給你","周華健","花心","NICE","Playlist","151293706"
"荊棘裡的花","F.I.R.","讓我們一起微笑吧","NICE","Playlist","359095565"
"就這樣流浪 ","鄭智化","私房歌","NICE","Playlist","1154530432"
"最重要的小事","五月天","為愛而生","NICE","Playlist","1081397951"
"太委屈","Tao Ching-Ying","愛缺","NICE","Playlist","1528517470"
"醫生","许嵩","蘇格拉沒有底","NICE","Playlist","964698850"
"愛都愛了 (Remastered)","張宇","好男人的情歌 (Remastered)","NICE","Playlist","1178061295"
"神啊 救救我","陳小春","Sing 陳小春10年紀念新歌精選輯","NICE","Playlist","321101382"
"我敢在你懷裡孤獨","劉若英","我要你好好的","NICE","Playlist","1091924562"
"流星下的願","ジャッキー・チュン & 許慧欣","雪狼湖, Vol. 1 (全新國語版)","NICE","Playlist","1442406767"
"你在煩惱什麼","蘇打綠","你在煩惱什麼","NICE","Playlist","1461041625"
"問情","蔡幸娟","90年代醉情金曲絕唱精選, Vol. 2","NICE","Playlist","1392298317"
"如果當時","许嵩","自定義","NICE","Playlist","1071359780"
"一袖云","劉珂矣","半壶纱","NICE","Playlist","1502064377"
"很愛很愛你","劉若英","很愛很愛你","NICE","Playlist","1480803340"
"我懷念的","孫燕姿","逆光","NICE","Playlist","905226305"
"我最親愛的","a-mei","你在看我嗎","NICE","Playlist","1546976202"
"對的人","戴愛玲","為愛做的傻事","NICE","Playlist","905327679"
"叔公的小城故事 ","陳妍希","Me, Myself, and I","NICE","Playlist","646323014"
"遇上愛","楊丞琳","遇上愛","NICE","Playlist","312657342"
"兩個女孩","カレン・モク","十二樓的莫文蔚","NICE","Playlist","163492615"
"風雲決","任賢齊","齊待","NICE","Playlist","896014558"
"花雨夜","張清芳","花雨夜","NICE","Playlist","1528700191"
"说散就散 (《前任3: 再见前任》电影主题曲)","袁娅维","说散就散 (《前任3: 再见前任》电影主题曲) - Single","NICE","Playlist","1330117385"
"我還年輕","張清芳","我還年輕 - Single","NICE","Playlist","1031197622"
"死心眼","彭佳慧","敲敲我的頭","NICE","Playlist","331492930"
"我還年輕 我還年輕","老王樂隊","吾十有五而志於學 - Single","NICE","Playlist","1597707697"
"生如夏花","朴树","生如夏花","NICE","Playlist","369655222"
"二十樓 (feat. 王雷)","黄明志","二十樓 (feat. 王雷) - Single","NICE","Playlist","1666166920"
"多愛我一天","Energy","Energy4ever","NICE","Playlist","1444145841"
"愛情選項","張芸京","相反的我","NICE","Playlist","905219126"
"擁抱陽光","ジャッキー・チュン","吻別","NICE","Playlist","1443432120"
"全面淪陷","張韶涵","全面淪陷","NICE","Playlist","1135855236"
"不醉不會","田馥甄","渺小","NICE","Playlist","780523138"
"又圓了的月亮","Amber Kuo","愛異想","NICE","Playlist","332425507"
"她的眼睛會下雨","胡歌","出發","NICE","Playlist","905185625"
"張家明和婉君","李荣浩","耳朵","NICE","Playlist","1438536446"
"流沙","デビット・タオ","陶喆同名專輯","NICE","Playlist","1416149940"
"第三人稱","Jolin Tsai","呸 (豪華版)","NICE","Playlist","966906886"
"遠在眼前的你","王心凌","敢要敢不要","NICE","Playlist","1442705934"
"演員","薛之谦","初學者","NICE","Playlist","1132055369"
"猜測","無印良品","3人行","NICE","Playlist","161693045"
"給我一首歌的時間","Jay Chou","魔杰座","NICE","Playlist","311168991"
"有故事的人","周華健","有故事的人","NICE","Playlist","376344284"
"Little Sunshine","Amber Kuo","煙火","NICE","Playlist","540285965"
"秘密","張震嶽","這個下午很無聊","NICE","Playlist","153052562"
"小手拉大手","梁靜茹","亲亲","NICE","Playlist","1095245184"
"你是此生最美的風景","JS","此生最美的風景","NICE","Playlist","680448603"
"我要快樂","a-mei","我要快樂?","NICE","Playlist","201550139"
"我好嗎","梁靜茹","我好嗎? - 太陽如常升起","NICE","Playlist","1462400554"
"哭個痛快","任賢齊","心太軟","NICE","Playlist","160857757"
"一個像夏天一個像秋天","范瑋琪","我們的紀念日","NICE","Playlist","535730829"
"戀愛症候群","黃舒駿","未央歌","NICE","Playlist","554912513"
"学不会(楚乔传电视剧 楚乔人物曲)","香香","学不会(楚乔传电视剧 楚乔人物曲) - Single","NICE","Playlist","1321055955"
"下個,路口,見","李宇春","李宇春","NICE","Playlist","1058750653"
"小酒窩 (feat. 蔡卓妍)","JJ LIN","JJ陸","NICE","Playlist","1071752115"
"夜太黑","サンディ・ラム","夜太黑","NICE","Playlist","176210646"
"彩虹","動力火車","20 新歌duet精選","NICE","Playlist","1189098852"
"山外小楼夜听雨","任然","从小到大 - EP","NICE","Playlist","1089850615"
"狠狠哭","Amber Kuo","愛異想","NICE","Playlist","332425592"
"星座書上","许嵩","自定義","NICE","Playlist","1071359778"
"伯虎說 (無 rap 版)","伯爵 & 唐伯虎","伯虎說 (無 rap 版) - Single","NICE","Playlist","1545495846"
"不可思議","金莎","不可思議","NICE","Playlist","1072035681"
"恋人心","魏新雨","恋人心 - Single","NICE","Playlist","1500370652"
"很久很久以後","范瑋琪","范范的感恩節","NICE","Playlist","1071359918"
"你的樣子","羅大佑","愛人同志","NICE","Playlist","1318102050"
"皇后大道東","蔣志光 & 羅大佑","蔣志光與他的朋友","NICE","Playlist","1466039271"
"偷偷","黄明志","偷偷 - Single","NICE","Playlist","1671700744"
"Pages","張韶涵 & 王赫野","Pages - Single","NICE","Playlist","1624643543"
"桃花諾 (電視劇《上古情歌》片尾曲)","G.E.M.","電視劇《上古情歌》原聲帶","NICE","Playlist","1504847383"
"在他乡","水木年华","3 - EP","NICE","Playlist","1614052529"
"瀟灑走一回","Sally Yeh","葉蒨文國語精選","NICE","Playlist","201583690"
"水中花","アラン・タム","擁抱","NICE","Playlist","1443354819"
"愛的號碼牌","Sweety","17歲 不溫柔","NICE","Playlist","1528931647"
"我們愛這個錯","張信哲","永恆金曲 (典藏精選)","NICE","Playlist","893294176"
"推開世界的門","楊乃文","離心力","NICE","Playlist","1167929801"
"彗星的眼淚","金莎","星月神話","NICE","Playlist","944183687"
"畫","赵雷","趙小雷","NICE","Playlist","1592216448"
"路口","張震嶽","OK","NICE","Playlist","661608565"
"華年","鹿先森乐队","華年","NICE","Playlist","1411900452"
"幸福不是情歌","劉若英","亲爱的路人","NICE","Playlist","1092001463"
"我的未來不是夢","チャン・ユーシャン","六個朋友 - EP","NICE","Playlist","1444992246"
"河","陳昇 & 柯受良","夏","NICE","Playlist","153483920"
"STARS AND SEA","黄霄云","STARS AND SEA - Single","NICE","Playlist","1549576891"
"美人魚","JJ LIN","第二天堂(江南)","NICE","Playlist","1071753633"
"分飛","徐懷鈺","Love","NICE","Playlist","162291939"
"愛錯","李心潔","Man & Woman","NICE","Playlist","662056857"
"一見鍾情","藍心湄","十年為証 1984-1994","NICE","Playlist","1442555587"
"如愿","フェイ・ウォン","如愿 - Single","NICE","Playlist","1591180619"
"親愛的你怎麼不在身邊","江美琪","想起","NICE","Playlist","905207474"
"奇蹟","南拳媽媽","奇蹟 - Single","NICE","Playlist","1325551241"
"你在","周傳雄","念念不忘","NICE","Playlist","1637395925"
"別對我太好","周蕙","周蕙精選三: 寂寞城市","NICE","Playlist","553183966"
"彩虹 眼淚","Sweety","17歲 不溫柔","NICE","Playlist","1528931465"
"臉譜","黑豹乐队","黑豹","NICE","Playlist","177029939"
"小薇","黄 品源","簡單情歌 - 小薇","NICE","Playlist","615152810"
"Mascara(煙燻妝)","G.E.M.","18…","NICE","Playlist","538446724"
"爱上你","S.H.E","SHERO","NICE","Playlist","456258151"
"十年一刻","蘇打綠","十年一刻","NICE","Playlist","1461462005"
"What Can I Do","南拳媽媽","2號餐","NICE","Playlist","1441081296"
"The New Drunken Beauty","李玉刚","The New Drunken Beauty","NICE","Playlist","1567256798"
"心結","周傳雄","Transfer","NICE","Playlist","290187216"
